{
  "update your freaking drivers girl": "**Co🗣🗣🔥🤘uld you check for avx2 support?**\nHow to check for avx2 by lulu\nhttps://discord.com/channels/575762611111592007/1161306187124449392/1161697150418309170\n\nIf it's supported > \n\nCan you give us the name of **both your CPU and GPU?** Follow these steps:\n\nHow to check your GPU by lulu & casa (click System instead of Display for CPU on Method 1)\nhttps://discord.com/channels/575762611111592007/1161306187124449392/1161675700441469009",
  "here's ur screenshots📷": "Where to find Sky screenshots/in game camera photos taken on PC? :SkyLook: \na low effort guide by Velvet \nhttps://discord.com/channels/575762611111592007/585339436322259003/1161244504209235988",
  "someone got old intel laptop lol": "Guide for bypassing OEM lock \nhttps://discord.com/channels/575762611111592007/1161306187124449392/1163531939785998367",
  "too lazy, here's all the 🔗links 🗣🗣🔥🤘": "CPU avx2 cross-check: \nhttps://en.wikipedia.org/wiki/Advanced_Vector_Extensions\n \nVulkan GPU cross-check: \nhttps://vulkan.gpuinfo.org\n \nNVIDIA Drivers: \nhttps://www.nvidia.com/download/index.aspx\n \nIntel Drivers: \nhttps://www.intel.com/content/www/us/en/support/articles/000090440/graphics.html\n \nAMD Drivers: \nhttps://www.amd.com/en/support",
  "someone accidentally linked their steam again ;-;": "Steam account link guide by Cy, Elysian, and Kai:\n \nhttps://discord.com/channels/575762611111592007/1161306187124449392/1162351291532595273",
  "their steam account got lost 💀": "**\"Help my Steam account was lost after the update\"** guide by Emma:\n \nhttps://discord.com/channels/575762611111592007/1161306187124449392/1167418962817077258"
}